{
  "qubits[].name": ["q0"],
  "qubits[].f_01": [6358819132.0],
  "qubits[].f_tls": [[5114876868.0,5170603624.0,5310788172.0,4879871721.0]],
  "qubits[].anharmonicity": [180000000.0],
  "qubits[].drag_coefficient": [0.0],
  "qubits[].ac_stark_detuning": [0.0],
  "qubits[].x180_length": [40],
  "qubits[].x180_amp": [0.1],
  "qubits[].pi_length": [100],
  "qubits[].pi_amp": [0.02317708376740011],
  "qubits[].pi_length_ef": [80],
  "qubits[].pi_amp_ef": [0.015],
  "qubits[].pi_length_tls": [[200,200,200,200]],
  "qubits[].pi_amp_tls": [[0.45,0.45,0.45,0.45]],
  "qubits[].T1": [5283],
  "qubits[].T2": [2283],
  "qubits[].DC_tuning_curve": [[-34.43270896366975,-131.88162288344648,-512.7496776731912,-742.2767187731305,6047.373084694431]],
  "qubits[].AC_tuning_curve": [[-3774.4862994055684,-383.49189086198174,-6471.863136125488,-95.43526546145225,6378.334976880286]],
  "qubits[].wiring.controller": ["con1"],
  "qubits[].wiring.I": [3],
  "qubits[].wiring.Q": [4],
  "qubits[].wiring.digital_marker": [3],
  "qubits[].hardware_parameters.pi_length_tls": [200],
  "qubits[].hardware_parameters.pi_amp_tls": [0.3],
  "qubits[]_len": 1,
  "flux_lines[].name": ["flux0"],
  "flux_lines[].flux_pulse_amp": [0.25],
  "flux_lines[].flux_pulse_length": [100],
  "flux_lines[].Z_delay": [19],
  "flux_lines[].iswap.length": [[7,16,20,21]],
  "flux_lines[].iswap.level": [[0.4105,0.402,0.3795,0.444]],
  "flux_lines[].wiring.controller": ["con1"],
  "flux_lines[].wiring.port": [7],
  "flux_lines[].wiring.filter.iir_taps": [[]],
  "flux_lines[].wiring.filter.fir_taps": [[]],
  "flux_lines[]_len": 1,
  "resonators[].name": ["r0"],
  "resonators[].f_readout": [7261744366.0],
  "resonators[].depletion_time": [10000],
  "resonators[].readout_pulse_amp": [0.47],
  "resonators[].readout_pulse_length": [1152],
  "resonators[].optimal_pulse_length": [2000],
  "resonators[].rotation_angle": [-87.86839701328296],
  "resonators[].ge_threshold": [0.0021359628199727467],
  "resonators[].tuning_curve": [[7255.637423387662,170.7358210431798,29761.941431898664,0.07386202827763651,0.44810967826446046,83.2505839114619]],
  "resonators[].time_of_flight": [304],
  "resonators[].downconversion_offset_I": [0.011679949118686727],
  "resonators[].downconversion_offset_Q": [0.015591324454408743],
  "resonators[].downconversion_gain": [0],
  "resonators[].RO_delay": [0],
  "resonators[].RO_attenuation": [[32.0,10.0]],
  "resonators[].TWPA": [[6324000000.0,-10]],
  "resonators[].wiring.controller": ["con1"],
  "resonators[].wiring.I": [1],
  "resonators[].wiring.Q": [2],
  "resonators[].wiring.digital_marker": [1],
  "resonators[]_len": 1,
  "dc_flux[].name": ["dc0","dc1","dc2","dc3","dc4","dc5","dc6"],
  "dc_flux[].max_frequency_point": [-0.9607706708800982,-0.5007251114168757,-1.106927413922777,-0.9716680141509257,-0.12731053240085724,-0.01029827979313157,-0.14231959780328562],
  "dc_flux[].dc_voltage": [-0.9607706708800982,0.0,0.0,0.0,0.0,0.0,0.0],
  "dc_flux[]_len": 7,
  "octaves[].name": ["octave1"],
  "octaves[].LO_sources[].name": [["LO1","LO2","LO3"]],
  "octaves[].LO_sources[].LO_frequency": [[7311600000.0,6408819132.0,5000000000.0]],
  "octaves[].LO_sources[].LO_source": [["internal","internal","internal"]],
  "octaves[].LO_sources[].output_mode": [["always_on","always_on","always_on"]],
  "octaves[].LO_sources[].gain": [[0,0,0]],
  "octaves[].LO_sources[].input_attenuators": [["OFF","OFF","OFF"]],
  "octaves[].LO_sources[].digital_marker.delay": [[57,57,57]],
  "octaves[].LO_sources[].digital_marker.buffer": [[18,18,18]],
  "octaves[].LO_sources[]_len": [3],
  "octaves[]_len": 1,
  "network.qop_ip": "192.168.88.178",
  "network.octave1_ip": "192.168.88.179",
  "network.qop_port": 80,
  "network.octave_port": 80,
  "network.cluster_name": "DF5",
  "network.save_dir": "",
  "global_parameters.name": "quam_state_q0.json",
  "global_parameters.saturation_amp": 0.1,
  "global_parameters.saturation_len": 14000,
  "global_parameters.downconversion_offset_I": [0.011679949118686727],
  "global_parameters.downconversion_offset_Q": [0.015591324454408743],
  "global_parameters.downconversion_gain": [0],
  "global_parameters.RO_delay": [0]
}