{
  "qubits[].name": ["q3"],
  "qubits[].f_01": [5904734568.0],
  "qubits[].f_tls": [[5668000000.0,5440185465.0,5381326394.0,5046339042.0,4964818906.0]],
  "qubits[].anharmonicity": [148490729.0],
  "qubits[].drag_coefficient": [0.0],
  "qubits[].ac_stark_detuning": [0.0],
  "qubits[].x180_length": [40],
  "qubits[].x180_amp": [0.1],
  "qubits[].pi_length": [100],
  "qubits[].pi_amp": [0.0186860710573445],
  "qubits[].pi_length_ef": [80],
  "qubits[].pi_amp_ef": [0.019776320851656596],
  "qubits[].pi_length_tls": [[108,56,200,108.0,1000]],
  "qubits[].pi_amp_tls": [[0.4571040691311454,0.4580357142857143,0.44999999999999996,0.4571040691311454,0.09]],
  "qubits[].T1": [2500],
  "qubits[].T2": [3000],
  "qubits[].DC_tuning_curve": [[-163.89295066895716,132.27781035388432,5828.124743943231]],
  "qubits[].AC_tuning_curve": [[-100506.53274405359,69123.35606464806,-21758.689784783888,1110.5281231495012,5899.924586933314]],
  "qubits[].wiring.controller": ["con1"],
  "qubits[].wiring.I": [3],
  "qubits[].wiring.Q": [4],
  "qubits[].wiring.digital_marker": [3],
  "qubits[].hardware_parameters.pi_length_tls": [540],
  "qubits[].hardware_parameters.pi_amp_tls": [0.09142081382622907],
  "qubits[]_len": 1,
  "flux_lines[].name": ["flux3"],
  "flux_lines[].flux_pulse_amp": [0.25],
  "flux_lines[].flux_pulse_length": [100],
  "flux_lines[].Z_delay": [19],
  "flux_lines[].iswap.length": [[32,18,28,24,16]],
  "flux_lines[].iswap.level": [[0.192,0.274,0.282,0.359,0.374]],
  "flux_lines[].wiring.controller": ["con1"],
  "flux_lines[].wiring.port": [10],
  "flux_lines[].wiring.filter.iir_taps": [[]],
  "flux_lines[].wiring.filter.fir_taps": [[]],
  "flux_lines[]_len": 1,
  "resonators[].name": ["r3"],
  "resonators[].f_readout": [6879500000.0],
  "resonators[].depletion_time": [10000],
  "resonators[].readout_pulse_amp": [0.41],
  "resonators[].readout_pulse_length": [300],
  "resonators[].optimal_pulse_length": [2000],
  "resonators[].rotation_angle": [-146.0429167317675],
  "resonators[].ge_threshold": [-0.0025138943684766403],
  "resonators[].tuning_curve": [[6874.475273180815,163.7377461391643,27691.609701827365,0.052126935781385816,-0.13217179617469388,75.44509964990729]],
  "resonators[].time_of_flight": [304],
  "resonators[].downconversion_offset_I": [0.019019025778794236],
  "resonators[].downconversion_offset_Q": [0.026207740433999822],
  "resonators[].downconversion_gain": [-1],
  "resonators[].RO_delay": [0],
  "resonators[].RO_attenuation": [[36.0,10.0]],
  "resonators[].TWPA": [[6324000000.0,-10.0]],
  "resonators[].wiring.controller": ["con1"],
  "resonators[].wiring.I": [1],
  "resonators[].wiring.Q": [2],
  "resonators[].wiring.digital_marker": [1],
  "resonators[]_len": 1,
  "dc_flux[].name": ["dc0","dc1","dc2","dc3","dc4","dc5","dc6"],
  "dc_flux[].max_frequency_point": [-0.860512992990632,-0.5007251114168757,-1.106927413922777,0.40354941995360316,-0.12731053240085724,-0.01029827979313157,-0.14231959780328562],
  "dc_flux[].dc_voltage": [0.0,0.0,0.0,0.40354941995360316,0.0,0.0,0.0],
  "dc_flux[]_len": 7,
  "octaves[].name": ["octave1"],
  "octaves[].LO_sources[].name": [["LO1","LO2","LO3"]],
  "octaves[].LO_sources[].LO_frequency": [[6929500000.0,5954734568.0,5000000000.0]],
  "octaves[].LO_sources[].LO_source": [["internal","internal","internal"]],
  "octaves[].LO_sources[].output_mode": [["always_on","always_on","always_on"]],
  "octaves[].LO_sources[].gain": [[0,0,0]],
  "octaves[].LO_sources[].input_attenuators": [["OFF","OFF","OFF"]],
  "octaves[].LO_sources[].digital_marker.delay": [[57,57,57]],
  "octaves[].LO_sources[].digital_marker.buffer": [[18,18,18]],
  "octaves[].LO_sources[]_len": [3],
  "octaves[]_len": 1,
  "network.qop_ip": "192.168.88.178",
  "network.octave1_ip": "192.168.88.179",
  "network.qop_port": 80,
  "network.octave_port": 80,
  "network.cluster_name": "DF5",
  "network.save_dir": "",
  "global_parameters.name": "quam_state_q3.json",
  "global_parameters.saturation_amp": 0.1,
  "global_parameters.saturation_len": 14000,
  "global_parameters.downconversion_offset_I": [0.019019025778794236],
  "global_parameters.downconversion_offset_Q": [0.026207740433999822],
  "global_parameters.downconversion_gain": [-1],
  "global_parameters.RO_delay": [0]
}